{
    "binning": {
        "bin_width": 1.0, 
        "n_bins": 20, 
        "x_hi": 10, 
        "x_lo": -10
    }, 
    "processes": [
        {
            "errors": [
                0.020331762894261231, 
                0.026167287505197232, 
                0.017458121349034097, 
                0.018108715389300114, 
                0.014910581788924772, 
                0.0080217762337907606, 
                0.011058478985965774, 
                0.055937999760663021, 
                0.10125093319877276, 
                0.1735432586418626, 
                0.13016570788373139, 
                0.3451798130307327, 
                0.49967873776941196, 
                0.69904126982515857, 
                0.54687234292427678, 
                0.50944000383928034, 
                0.70710678118654757, 
                0.0, 
                0.0, 
                0.0
            ], 
            "name": "ttbar"
        }, 
        {
            "errors": [
                0.094853234162680128, 
                0.13000188759494502, 
                0.073477005400573767, 
                0.050021313320496114, 
                0.017110593337298339, 
                0.048470272141057279, 
                0.044535791680285784, 
                0.098888034207612829, 
                0.102514299916761, 
                0.27187322215328924, 
                0.3413201956211237, 
                0.42128422789134984, 
                0.35746877693906309, 
                0.51963098122148732, 
                0.43303186478955313, 
                0.70710678118654757, 
                0.51230876638218925, 
                0.0, 
                0.0, 
                0.0
            ], 
            "name": "wt"
        }, 
        {
            "errors": [
                0.0098332092177688905, 
                0.043532362998108143, 
                0.078912798374812382, 
                0.016475606822600405, 
                0.018008645096500589, 
                0.0063963016361005985, 
                0.038596046765804304, 
                0.097084526117811043, 
                0.18053522560140667, 
                0.26269143091041947, 
                0.23454675083883481, 
                0.17087225051405747, 
                0.19580261791425532, 
                0.21793579101592248, 
                0.25284178244312255, 
                0.34069762179794977, 
                0.2036334051607529, 
                0.078380448450063533, 
                0.15699884672230352, 
                0.53031536541801805
            ], 
            "name": "z"
        }
    ], 
    "region": "z_cr", 
    "variable": "NN_d_hh"
}
