{
    "binning": {
        "bin_width": 1.0, 
        "n_bins": 24, 
        "x_hi": 12, 
        "x_lo": -12
    }, 
    "processes": [
        {
            "errors": [
                0.50185155080734334, 
                0.25858407324385618, 
                0.16912462756107052, 
                0.12446733605647459, 
                0.056616959597882474, 
                0.023895530389620938, 
                0.0082476059546763101, 
                0.030305418240551694, 
                0.018658171889448523, 
                0.016932199381925632, 
                0.0079550183208719951, 
                0.011659213822355977, 
                0.036535241432532367, 
                0.069896375249829973, 
                0.08760899132153302, 
                0.11222628387577641, 
                0.10986642094546517, 
                0.22346308028535725, 
                0.26266367446480671, 
                0.54997822562089527, 
                0.75276066538575481, 
                0.70710678118654757, 
                0.70710678118654757, 
                0.0
            ], 
            "name": "ttbar"
        }, 
        {
            "errors": [
                0.089638275859301911, 
                0.0, 
                0.31174014458467192, 
                0.31669310534118922, 
                0.033145910551960055, 
                0.2193539956981134, 
                0.066990608267830556, 
                0.13313497535841237, 
                0.049750739172777579, 
                0.011778897357558079, 
                0.0295449993489528, 
                0.030711052727135511, 
                0.067370730172725171, 
                0.086215836171525687, 
                0.19115663032060271, 
                0.22783878581750541, 
                0.28042000055506228, 
                0.39337749116587412, 
                0.36428977981916016, 
                1.0305043354977237, 
                0.42052243698533903, 
                0.51071539306087643, 
                0.0, 
                0.0
            ], 
            "name": "wt"
        }, 
        {
            "errors": [
                0.0, 
                0.024676540547846747, 
                0.24642646559375775, 
                0.16099870561458304, 
                0.2287555820747621, 
                0.081785795940447756, 
                0.070464978729843766, 
                0.028546737661767553, 
                0.069274161782594754, 
                0.010362750860404038, 
                0.059489582903270027, 
                0.074493036971732374, 
                0.37492864314172014, 
                0.15246300141958141, 
                0.30816570485558048, 
                0.11847630476178081, 
                0.24140527905957926, 
                0.058019761467060393, 
                0.42076566068404403, 
                0.17173412366266366, 
                0.057494405733451347, 
                0.19635270878936659, 
                0.75590412855476974, 
                18.094217601321503
            ], 
            "name": "z"
        }
    ], 
    "region": "sr", 
    "variable": "NN_d_hh"
}
