{"x_bounds": [10, 0, 1], "varname": "NN_p_hh", "sample_data": {"zll": [0.8669900298118591, 0.042295243591070175, 0.020564556121826172, 0.013891322538256645, 0.010297613218426704, 0.008104564622044563, 0.007267592940479517, 0.006926561240106821, 0.007814282551407814, 0.01584821566939354], "hh": [0.043939922004938126, 0.04958769306540489, 0.04908854514360428, 0.05308287963271141, 0.0523659773170948, 0.05847679078578949, 0.05793362110853195, 0.07585500180721283, 0.10812371969223022, 0.4515458345413208], "top": [0.842255175113678, 0.05711567774415016, 0.032489847391843796, 0.021634027361869812, 0.014909645542502403, 0.010423144325613976, 0.007562071084976196, 0.00575677864253521, 0.004475727211683989, 0.003377901390194893], "ztt": [0.661219596862793, 0.13442093133926392, 0.05771452188491821, 0.030133729800581932, 0.02492411993443966, 0.01875903829932213, 0.016172725707292557, 0.014972546137869358, 0.016119077801704407, 0.025563715025782585]}}