{"x_bounds": [45, -30, 15], "varname": "NN_d_hh", "sample_data": {"zll": [4.838659879169427e-05, 2.6912641260423698e-05, -5.091849743621424e-05, 6.583739013876766e-05, 0.00011299567995592952, 8.598544081905857e-05, 9.588199463905767e-05, 0.00010920203203568235, 0.00011564300075406209, 8.845031698001549e-05, 0.0001420279877493158, 0.0003197283949702978, 0.00027318147476762533, 0.00025382370222359896, 0.00036909073241986334, 0.0004412186681292951, 0.0006968536181375384, 0.000604035914875567, 0.0011180859291926026, 0.0019136605551466346, 0.004540984518826008, 0.015309669077396393, 0.041591234505176544, 0.0893559455871582, 0.1671435832977295, 0.2439575344324112, 0.21659034490585327, 0.09359712898731232, 0.04509309306740761, 0.029800744727253914, 0.01751510612666607, 0.011078224517405033, 0.007020968943834305, 0.004456201568245888, 0.0026462646201252937, 0.0014863434480503201, 0.0008598187705501914, 0.0004834144201595336, 0.0002668685629032552, 0.00016276676615234464, 9.30352252908051e-05, 5.784848326584324e-05, 3.1131927244132385e-05, 2.2670503312838264e-05, 8.967423127614893e-06], "hh": [0.0, 0.0, 0.0, 0.0, 0.0, 0.0, 0.0, 0.0, 0.0, 0.0, 0.0, 0.0, 0.0, 0.0, 0.0, 0.0, 0.0, 0.0, 0.00011908871965715662, 0.0, 8.548442565370351e-06, 0.0, 6.3740494624653365e-06, 0.00025929632829502225, 0.0007293606176972389, 0.00397342536598444, 0.01182396151125431, 0.03468937799334526, 0.07534826546907425, 0.1211208775639534, 0.1378265619277954, 0.13476398587226868, 0.13158740103244781, 0.10897546261548996, 0.08497519046068192, 0.05632063373923302, 0.0431353859603405, 0.02682638168334961, 0.015076309442520142, 0.006854793056845665, 0.0031917449086904526, 0.0015078069409355521, 0.0005718565662391484, 0.00020747160306200385, 0.00010043862130260095], "top": [0.0021345308050513268, 0.0024684343952685595, 0.0028373708482831717, 0.0032812145072966814, 0.003735107835382223, 0.004322472959756851, 0.005022394936531782, 0.005817602388560772, 0.006752984132617712, 0.007884862832725048, 0.0092120710760355, 0.01071704551577568, 0.012513013556599617, 0.014709492214024067, 0.01728741079568863, 0.020308857783675194, 0.023975346237421036, 0.028364798054099083, 0.03352699056267738, 0.03978029265999794, 0.047190114855766296, 0.05560886114835739, 0.0651823952794075, 0.07468553632497787, 0.08303705602884293, 0.08817216753959656, 0.08937422186136246, 0.08504770696163177, 0.07280290871858597, 0.04955973103642464, 0.021890033036470413, 0.008226814679801464, 0.0028825958725064993, 0.0009816274978220463, 0.00037746469024568796, 0.00016560581570956856, 7.734294194960967e-05, 3.8592788769165054e-05, 2.2621125026489608e-05, 1.0352368917665444e-05, 7.165429451561067e-06, 2.6144225557800382e-06, 2.021115051320521e-06, 1.2104296729376074e-06, 9.350985692435643e-07], "ztt": [6.610128184547648e-05, -2.6699826776166447e-05, 0.0, 2.0966284864698537e-05, 0.0, 0.0001818947057472542, 0.0, 7.620178803335875e-05, 0.00011715960135916248, 0.00016703868459444493, -0.0010576396016404033, 6.2856361182639375e-06, 7.420573092531413e-05, 2.0696928913821466e-05, 0.0003806570020969957, 5.4924763389863074e-05, 0.0003986191295552999, -0.000799000496044755, 0.0011171773076057434, 4.365157656138763e-05, 0.00053067208500579, 0.005172198172658682, 0.012966232374310493, 0.044143032282590866, 0.07548600435256958, 0.13031968474388123, 0.2069922387599945, 0.21671940386295319, 0.14591509103775024, 0.06931228190660477, 0.0390743762254715, 0.02359909750521183, 0.013956453651189804, 0.006108488887548447, 0.0039792051538825035, 0.0022619033697992563, 0.0012097336584702134, 0.0006269111763685942, 0.00027629922260530293, 0.00018858234398066998, 0.0001091289595933631, 9.281960228690878e-05, 4.741627344628796e-05, 3.091002145083621e-05, 3.9579008443979546e-05]}}