{"x_bounds": [10, 0, 1], "varname": "NN_p_top", "sample_data": {"zll": [0.13641510903835297, 0.07822815328836441, 0.062290310859680176, 0.059064142405986786, 0.061306703835725784, 0.06478340923786163, 0.07501765340566635, 0.0921444445848465, 0.13027651607990265, 0.24047355353832245], "hh": [0.5401363372802734, 0.10360036045312881, 0.07750917226076126, 0.06299140304327011, 0.05796530097723007, 0.04811488091945648, 0.037361033260822296, 0.029669139534235, 0.027328455820679665, 0.015323931351304054], "top": [0.009290166199207306, 0.013982661999762058, 0.01660272106528282, 0.019500531256198883, 0.02341175451874733, 0.028181299567222595, 0.03442254289984703, 0.04452239349484444, 0.07122664153575897, 0.7388592958450317], "ztt": [0.35538917779922485, 0.2109636813402176, 0.13579615950584412, 0.08263172954320908, 0.06362810730934143, 0.05736607685685158, 0.03239601105451584, 0.021478569135069847, 0.021045057103037834, 0.01930542103946209]}}