{"x_bounds": [10, 0, 1], "varname": "NN_p_zsf", "sample_data": {"zll": [0.577885091304779, 0.05589549243450165, 0.04225338250398636, 0.036357033997774124, 0.03464322164654732, 0.03659428283572197, 0.041213344782590866, 0.04760356619954109, 0.06116340681910515, 0.06639117002487183], "hh": [0.9918026328086853, 0.005332409869879484, 0.002069928450509906, 0.0009477910352870822, -0.0010885745286941528, 0.00045081961434334517, 4.151609755354002e-05, 0.0003813169023487717, 6.215304165380076e-05, 0.0], "top": [0.9681625962257385, 0.013061168603599072, 0.006168792024254799, 0.0038210174534469843, 0.0026702461764216423, 0.002024048939347267, 0.0015742983669042587, 0.0012138946913182735, 0.0009111981489695609, 0.00039272368303500116], "ztt": [0.8718744516372681, 0.022991912439465523, 0.023099513724446297, 0.01632574014365673, 0.017681242898106575, 0.010323170572519302, 0.018810909241437912, 0.013571785762906075, 0.002298235660418868, 0.0030230488628149033]}}