{"x_bounds": [10, 0, 1], "varname": "NN_p_ztt", "sample_data": {"zll": [0.7220601439476013, 0.1325911283493042, 0.0582590326666832, 0.033666178584098816, 0.021191811189055443, 0.012655005790293217, 0.008299067616462708, 0.005016234237700701, 0.003960066009312868, 0.0023013358004391193], "hh": [0.8265792727470398, 0.06583183258771896, 0.031246129423379898, 0.023104488849639893, 0.017916414886713028, 0.0109736742451787, 0.010660029016435146, 0.007273994851857424, 0.005152768921107054, 0.0012613969156518579], "top": [0.9147634506225586, 0.031442757695913315, 0.015505259856581688, 0.010380331426858902, 0.007934562861919403, 0.006378380581736565, 0.0052355448715388775, 0.004281929694116116, 0.003071003593504429, 0.0010067520197480917], "ztt": [0.09673159569501877, 0.07787543535232544, 0.07400935888290405, 0.08813346177339554, 0.07304397970438004, 0.1029038205742836, 0.0928449034690857, 0.12033223360776901, 0.15474651753902435, 0.11937869340181351]}}