{"x_bounds": [20, -15, 5], "varname": "NN_d_ztt", "sample_data": {"zll": [4.294915197533555e-05, 9.641487849876285e-05, 0.0001523090759292245, 0.0003439991269260645, 0.0006979065947234631, 0.0013738865964114666, 0.003246122971177101, 0.00746039766818285, 0.0180402509868145, 0.044498223811388016, 0.13944683969020844, 0.2902700901031494, 0.25549063086509705, 0.13713441789150238, 0.06944571435451508, 0.022826381027698517, 0.006371827330440283, 0.0023596452083438635, 0.0006328607560135424, 6.913273682584986e-05], "hh": [0.0004745274200104177, 0.0011025831336155534, 0.0026875403709709644, 0.008492357097566128, 0.017217954620718956, 0.03227999433875084, 0.06309527903795242, 0.09063710272312164, 0.11964025348424911, 0.13405556976795197, 0.13934697210788727, 0.12857599556446075, 0.10686242580413818, 0.07361792027950287, 0.046590425074100494, 0.023754071444272995, 0.009718308225274086, 0.0017810451099649072, 6.966718501644209e-05, 0.0], "top": [0.0009943422628566623, 0.0025227658916264772, 0.00583471916615963, 0.012722230516374111, 0.02570890076458454, 0.04800443723797798, 0.08040852099657059, 0.11775723099708557, 0.1492999941110611, 0.16408365964889526, 0.14668841660022736, 0.10040317475795746, 0.060795292258262634, 0.037878550589084625, 0.024762488901615143, 0.014479468576610088, 0.006018200423568487, 0.001481011975556612, 0.00015324314881581813, 3.3454675758548547e-06], "ztt": [3.0053330192458816e-05, 9.997863526223227e-05, 6.893942190799862e-05, 0.00023158527619671077, 0.0002268402895424515, 0.0004972582100890577, 0.0006259859073907137, 0.0008439397788606584, 0.003157033585011959, 0.007846114225685596, 0.011208747513592243, 0.030351098626852036, 0.05702343210577965, 0.11377060413360596, 0.18375873565673828, 0.22631916403770447, 0.2086740881204605, 0.11979136615991592, 0.03418827801942825, 0.0012867585755884647]}}