{"x_bounds": [21, -36, 6], "varname": "NN_d_zsf", "sample_data": {"zll": [0.0004939327482134104, 0.0006462326273322105, 0.0008905414724722505, 0.0012310155434533954, 0.0016322892624884844, 0.0023189678322523832, 0.003523167222738266, 0.005068615544587374, 0.007926752790808678, 0.012521483935415745, 0.021617600694298744, 0.03987469896674156, 0.073961041867733, 0.12093672156333923, 0.12649205327033997, 0.06574369966983795, 0.10519099980592728, 0.15656085312366486, 0.1727675050497055, 0.07986056804656982, 0.0007412566337734461], "hh": [0.005179328843951225, 0.006715548224747181, 0.009731516242027283, 0.01203005388379097, 0.017836997285485268, 0.02539040334522724, 0.03471088781952858, 0.05038964003324509, 0.06475985050201416, 0.09149274975061417, 0.12284830212593079, 0.15423980355262756, 0.14818450808525085, 0.10737476497888565, 0.06722341477870941, 0.0480300597846508, 0.026945332065224648, 0.005966498516499996, 0.0009503450710326433, 0.0, 0.0], "top": [0.0007191421464085579, 0.0010632488410919905, 0.001592398970387876, 0.0024960089940577745, 0.003923096694052219, 0.006407562177628279, 0.010689170099794865, 0.01826580986380577, 0.03184647485613823, 0.056168124079704285, 0.09697694331407547, 0.15042048692703247, 0.1810525506734848, 0.15410469472408295, 0.10924823582172394, 0.08493960648775101, 0.05830502137541771, 0.024887733161449432, 0.006284100469201803, 0.0006053367396816611, 4.252693997841561e-06], "ztt": [0.0017449010629206896, 0.0016200649552047253, 0.002760630799457431, 0.0032484165858477354, 0.0048183901235461235, 0.005906972568482161, 0.01004713773727417, 0.012568576261401176, 0.018733568489551544, 0.027890464290976524, 0.050396472215652466, 0.06895877420902252, 0.10221891105175018, 0.16403625905513763, 0.21745504438877106, 0.11664775013923645, 0.07006136327981949, 0.07262342423200607, 0.044832080602645874, 0.003430783748626709, 0.0]}}