{"x_bounds": [30, -15, 15], "varname": "NN_d_top", "sample_data": {"zll": [0.00017433729954063892, 0.00025172624737024307, 0.0003438256389927119, 0.0004611398617271334, 0.000599997874815017, 0.0008302392088808119, 0.0010997336357831955, 0.001519865239970386, 0.002043967368081212, 0.003265336388722062, 0.016981925815343857, 0.04777500778436661, 0.07812976092100143, 0.10478916019201279, 0.13871796429157257, 0.166259303689003, 0.1657368540763855, 0.1388418972492218, 0.08285041153430939, 0.03285660967230797, 0.010847707279026508, 0.003717808984220028, 0.0012783907586708665, 0.00047537582577206194, 5.5712516768835485e-05, 5.699236135114916e-05, 2.0914743799949065e-05, 9.196118298859801e-06, 5.560018962569302e-06, 3.268119144195225e-06], "hh": [0.004356603603810072, 0.006719605065882206, 0.00869299191981554, 0.012714901939034462, 0.01707269251346588, 0.022021666169166565, 0.032376714050769806, 0.03947017714381218, 0.0543716736137867, 0.06668935716152191, 0.08042755722999573, 0.0989837795495987, 0.11400063335895538, 0.14125865697860718, 0.1416604369878769, 0.09674526751041412, 0.04235847294330597, 0.014814424328505993, 0.003802607301622629, 0.0009577706805430353, 0.0003752662451006472, 0.0001287488848902285, 0.0, 0.0, 0.0, 0.0, 0.0, 0.0, 0.0, 0.0], "top": [2.4327132450707722e-06, 5.051482276030583e-06, 7.5342863965488505e-06, 1.1314052244415507e-05, 2.27060208999319e-05, 3.4041961043840274e-05, 5.517299359780736e-05, 8.768746192799881e-05, 0.00015050718502607197, 0.0002819629735313356, 0.0006813645013608038, 0.002379279350861907, 0.008589028380811214, 0.0238360445946455, 0.05078689008951187, 0.07863932102918625, 0.08960314840078354, 0.10190731287002563, 0.11909080296754837, 0.13222898542881012, 0.1273537576198578, 0.10322846472263336, 0.07218409329652786, 0.04386654868721962, 0.023728130385279655, 0.011746183969080448, 0.005503397434949875, 0.0024375186767429113, 0.0010845542419701815, 0.0004667696193791926], "ztt": [0.0003595537564251572, 0.0003694742335937917, 0.0006372821517288685, 0.0010713330702856183, 0.0014569254126399755, 0.0017592975636944175, 0.0027528812643140554, 0.004977405071258545, 0.00659231236204505, 0.00996990967541933, 0.03264673799276352, 0.11435846239328384, 0.2275986671447754, 0.26390573382377625, 0.17990636825561523, 0.09594830870628357, 0.03221282735466957, 0.016172580420970917, 0.0037326246965676546, 0.0009518723236396909, 0.001510312082245946, 0.0007490539574064314, 0.0001381478359689936, 7.284190360223874e-05, 0.00010697113611968234, 3.583855868782848e-05, 0.0, 6.285439212661004e-06, 0.0, 0.0]}}